Rep_num,Time,Stop_Reason,Generation,Population,Init_Method,Selection_Method,Tournament_Size,Crossover_Rate,Crossover_Type,Mutation_Rate,Mutation_Type,elitism,Max_Gen,Patience,Partition1_Sum,Partition2_Sum,Partition_Difference,Size
1,6.8896,Patience,25,150,Random,Tournament,5,0.9,Uniform,0.1,Bit-Flip,0.1,120,25,30,0,30,1
1,6.6177,Patience,25,150,Random,Tournament,5,0.9,Uniform,0.1,Bit-Flip,0.1,120,25,30,58,28,2
1,6.9749,Patience,25,150,Random,Tournament,5,0.9,Uniform,0.1,Bit-Flip,0.1,120,25,88,58,30,3
1,7.3029,Patience,25,150,Random,Tournament,5,0.9,Uniform,0.1,Bit-Flip,0.1,120,25,106,88,18,4
1,7.4931,Patience,25,150,Random,Tournament,5,0.9,Uniform,0.1,Bit-Flip,0.1,120,25,136,132,4,5
1,7.9130,Patience,25,150,Random,Tournament,5,0.9,Uniform,0.1,Bit-Flip,0.1,120,25,208,208,0,8
1,10.9328,Patience,29,150,Random,Tournament,5,0.9,Uniform,0.1,Bit-Flip,0.1,120,25,407,407,0,14
1,10.8576,Patience,28,150,Random,Tournament,5,0.9,Uniform,0.1,Bit-Flip,0.1,120,25,432,432,0,15
1,10.1096,Patience,25,150,Random,Tournament,5,0.9,Uniform,0.1,Bit-Flip,0.1,120,25,489,489,0,17
1,12.5577,Patience,31,150,Random,Tournament,5,0.9,Uniform,0.1,Bit-Flip,0.1,120,25,497,497,0,18
1,12.1914,Patience,29,150,Random,Tournament,5,0.9,Uniform,0.1,Bit-Flip,0.1,120,25,549,549,0,20
1,11.0470,Patience,25,150,Random,Tournament,5,0.9,Uniform,0.1,Bit-Flip,0.1,120,25,554,554,0,21
1,11.5670,Patience,25,150,Random,Tournament,5,0.9,Uniform,0.1,Bit-Flip,0.1,120,25,630,630,0,24
1,12.5645,Patience,27,150,Random,Tournament,5,0.9,Uniform,0.1,Bit-Flip,0.1,120,25,672,672,0,26
1,13.8549,Patience,29,150,Random,Tournament,5,0.9,Uniform,0.1,Bit-Flip,0.1,120,25,709,709,0,27
1,12.3097,Patience,25,150,Random,Tournament,5,0.9,Uniform,0.1,Bit-Flip,0.1,120,25,731,731,0,28
1,12.3297,Patience,25,150,Random,Tournament,5,0.9,Uniform,0.1,Bit-Flip,0.1,120,25,787,787,0,30
1,13.5454,Patience,26,150,Random,Tournament,5,0.9,Uniform,0.1,Bit-Flip,0.1,120,25,852,852,0,33
1,13.9190,Patience,26,150,Random,Tournament,5,0.9,Uniform,0.1,Bit-Flip,0.1,120,25,895,895,0,34
1,14.3571,Patience,26,150,Random,Tournament,5,0.9,Uniform,0.1,Bit-Flip,0.1,120,25,961,961,0,37
1,14.7236,Patience,25,150,Random,Tournament,5,0.9,Uniform,0.1,Bit-Flip,0.1,120,25,1037,1037,0,41
1,15.5244,Patience,26,150,Random,Tournament,5,0.9,Uniform,0.1,Bit-Flip,0.1,120,25,1099,1099,0,43
1,22.0944,Patience,35,150,Random,Tournament,5,0.9,Uniform,0.1,Bit-Flip,0.1,120,25,1297,1297,0,50
1,18.8637,Patience,29,150,Random,Tournament,5,0.9,Uniform,0.1,Bit-Flip,0.1,120,25,1315,1315,0,51
1,18.9916,Patience,29,150,Random,Tournament,5,0.9,Uniform,0.1,Bit-Flip,0.1,120,25,1365,1365,0,52
1,18.6994,Patience,27,150,Random,Tournament,5,0.9,Uniform,0.1,Bit-Flip,0.1,120,25,1448,1448,0,55
1,20.5973,Patience,29,150,Random,Tournament,5,0.9,Uniform,0.1,Bit-Flip,0.1,120,25,1553,1553,0,60
1,22.5158,Patience,31,150,Random,Tournament,5,0.9,Uniform,0.1,Bit-Flip,0.1,120,25,1626,1626,0,63
1,21.0671,Patience,27,150,Random,Tournament,5,0.9,Uniform,0.1,Bit-Flip,0.1,120,25,1718,1718,0,67
1,22.6777,Patience,28,150,Random,Tournament,5,0.9,Uniform,0.1,Bit-Flip,0.1,120,25,1813,1813,0,71
1,20.8318,Patience,25,150,Random,Tournament,5,0.9,Uniform,0.1,Bit-Flip,0.1,120,25,1873,1873,0,73
1,23.2303,Patience,28,150,Random,Tournament,5,0.9,Uniform,0.1,Bit-Flip,0.1,120,25,1909,1909,0,74
1,26.7537,Patience,32,150,Random,Tournament,5,0.9,Uniform,0.1,Bit-Flip,0.1,120,25,1962,1962,0,77
1,36.0672,Patience,43,150,Random,Tournament,5,0.9,Uniform,0.1,Bit-Flip,0.1,120,25,1980,1980,0,79
1,22.7087,Patience,26,150,Random,Tournament,5,0.9,Uniform,0.1,Bit-Flip,0.1,120,25,1988,1988,0,80
1,24.0132,Patience,27,150,Random,Tournament,5,0.9,Uniform,0.1,Bit-Flip,0.1,120,25,2061,2061,0,82
1,25.7802,Patience,28,150,Random,Tournament,5,0.9,Uniform,0.1,Bit-Flip,0.1,120,25,2064,2064,0,84
1,24.5358,Patience,26,150,Random,Tournament,5,0.9,Uniform,0.1,Bit-Flip,0.1,120,25,2191,2191,0,88
1,27.4931,Patience,28,150,Random,Tournament,5,0.9,Uniform,0.1,Bit-Flip,0.1,120,25,2315,2315,0,94
1,25.0468,Patience,25,150,Random,Tournament,5,0.9,Uniform,0.1,Bit-Flip,0.1,120,25,2347,2347,0,95
1,26.8964,Patience,27,150,Random,Tournament,5,0.9,Uniform,0.1,Bit-Flip,0.1,120,25,2372,2372,0,96
1,29.2291,Patience,29,150,Random,Tournament,5,0.9,Uniform,0.1,Bit-Flip,0.1,120,25,2380,2380,0,97
1,25.8360,Patience,25,150,Random,Tournament,5,0.9,Uniform,0.1,Bit-Flip,0.1,120,25,2422,2422,0,98
1,28.1403,Patience,27,150,Random,Tournament,5,0.9,Uniform,0.1,Bit-Flip,0.1,120,25,2550,2550,0,102
1,38.1862,Patience,38,150,Random,Tournament,5,0.9,Uniform,0.1,Bit-Flip,0.1,120,25,2576,2576,0,103
1,28.2445,Patience,26,150,Random,Tournament,5,0.9,Uniform,0.1,Bit-Flip,0.1,120,25,2708,2708,0,107
1,30.4799,Patience,28,150,Random,Tournament,5,0.9,Uniform,0.1,Bit-Flip,0.1,120,25,2749,2749,0,108
1,27.2495,Patience,25,150,Random,Tournament,5,0.9,Uniform,0.1,Bit-Flip,0.1,120,25,2825,2825,0,110
1,30.5831,Patience,28,150,Random,Tournament,5,0.9,Uniform,0.1,Bit-Flip,0.1,120,25,2848,2848,0,111
1,32.5699,Patience,29,150,Random,Tournament,5,0.9,Uniform,0.1,Bit-Flip,0.1,120,25,2998,2998,0,115
1,29.7462,Patience,25,150,Random,Tournament,5,0.9,Uniform,0.1,Bit-Flip,0.1,120,25,3041,3041,0,117
1,29.2417,Patience,25,150,Random,Tournament,5,0.9,Uniform,0.1,Bit-Flip,0.1,120,25,3087,3087,0,120
1,37.1325,Patience,31,150,Random,Tournament,5,0.9,Uniform,0.1,Bit-Flip,0.1,120,25,3284,3284,0,126
1,33.0281,Patience,26,150,Random,Tournament,5,0.9,Uniform,0.1,Bit-Flip,0.1,120,25,3348,3348,0,128
1,33.2762,Patience,27,150,Random,Tournament,5,0.9,Uniform,0.1,Bit-Flip,0.1,120,25,3422,3422,0,130
1,32.8564,Patience,26,150,Random,Tournament,5,0.9,Uniform,0.1,Bit-Flip,0.1,120,25,3466,3466,0,131
1,32.9002,Patience,25,150,Random,Tournament,5,0.9,Uniform,0.1,Bit-Flip,0.1,120,25,3542,3542,0,135
1,33.7832,Patience,26,150,Random,Tournament,5,0.9,Uniform,0.1,Bit-Flip,0.1,120,25,3565,3565,0,136
1,33.1617,Patience,25,150,Random,Tournament,5,0.9,Uniform,0.1,Bit-Flip,0.1,120,25,3681,3681,0,140
1,34.4264,Patience,26,150,Random,Tournament,5,0.9,Uniform,0.1,Bit-Flip,0.1,120,25,3689,3691,2,141
1,40.3381,Patience,31,150,Random,Tournament,5,0.9,Uniform,0.1,Bit-Flip,0.1,120,25,3711,3711,0,142
1,34.5890,Patience,26,150,Random,Tournament,5,0.9,Uniform,0.1,Bit-Flip,0.1,120,25,3735,3735,0,144
1,35.0592,Patience,26,150,Random,Tournament,5,0.9,Uniform,0.1,Bit-Flip,0.1,120,25,3773,3771,2,146
1,39.3396,Patience,29,150,Random,Tournament,5,0.9,Uniform,0.1,Bit-Flip,0.1,120,25,3810,3810,0,148
1,34.3029,Patience,25,150,Random,Tournament,5,0.9,Uniform,0.1,Bit-Flip,0.1,120,25,3846,3846,0,149
1,34.7019,Patience,25,150,Random,Tournament,5,0.9,Uniform,0.1,Bit-Flip,0.1,120,25,3884,3884,0,150
1,36.3237,Patience,26,150,Random,Tournament,5,0.9,Uniform,0.1,Bit-Flip,0.1,120,25,3949,3949,0,152
1,39.7457,Patience,28,150,Random,Tournament,5,0.9,Uniform,0.1,Bit-Flip,0.1,120,25,3960,3960,0,153
1,43.1040,Patience,31,150,Random,Tournament,5,0.9,Uniform,0.1,Bit-Flip,0.1,120,25,3966,3966,0,154
1,37.5367,Patience,26,150,Random,Tournament,5,0.9,Uniform,0.1,Bit-Flip,0.1,120,25,3996,3996,0,155
1,37.4817,Patience,26,150,Random,Tournament,5,0.9,Uniform,0.1,Bit-Flip,0.1,120,25,4079,4079,0,159
1,42.8882,Patience,30,150,Random,Tournament,5,0.9,Uniform,0.1,Bit-Flip,0.1,120,25,4104,4104,0,160
1,40.2324,Patience,28,150,Random,Tournament,5,0.9,Uniform,0.1,Bit-Flip,0.1,120,25,4147,4147,0,161
1,42.4958,Patience,29,150,Random,Tournament,5,0.9,Uniform,0.1,Bit-Flip,0.1,120,25,4186,4186,0,162
1,38.6336,Patience,26,150,Random,Tournament,5,0.9,Uniform,0.1,Bit-Flip,0.1,120,25,4234,4234,0,163
1,59.0724,Patience,42,150,Random,Tournament,5,0.9,Uniform,0.1,Bit-Flip,0.1,120,25,4247,4247,0,164
1,38.1865,Patience,25,150,Random,Tournament,5,0.9,Uniform,0.1,Bit-Flip,0.1,120,25,4295,4295,0,166
1,38.9849,Patience,25,150,Random,Tournament,5,0.9,Uniform,0.1,Bit-Flip,0.1,120,25,4474,4474,0,172
1,49.5432,Patience,32,150,Random,Tournament,5,0.9,Uniform,0.1,Bit-Flip,0.1,120,25,4665,4665,0,177
1,48.9067,Patience,31,150,Random,Tournament,5,0.9,Uniform,0.1,Bit-Flip,0.1,120,25,4729,4729,0,182
1,47.5819,Patience,29,150,Random,Tournament,5,0.9,Uniform,0.1,Bit-Flip,0.1,120,25,4777,4777,0,185
1,63.1009,Patience,41,150,Random,Tournament,5,0.9,Uniform,0.1,Bit-Flip,0.1,120,25,4809,4809,0,186
1,48.1014,Patience,29,150,Random,Tournament,5,0.9,Uniform,0.1,Bit-Flip,0.1,120,25,4857,4857,0,187
1,49.4290,Patience,30,150,Random,Tournament,5,0.9,Uniform,0.1,Bit-Flip,0.1,120,25,4898,4898,0,189
1,43.6161,Patience,25,150,Random,Tournament,5,0.9,Uniform,0.1,Bit-Flip,0.1,120,25,5044,5046,2,194
1,64.6578,Patience,35,150,Random,Tournament,5,0.9,Uniform,0.1,Bit-Flip,0.1,120,25,5066,5066,0,196
1,53.8002,Patience,31,150,Random,Tournament,5,0.9,Uniform,0.1,Bit-Flip,0.1,120,25,5228,5228,0,202
1,52.9792,Patience,30,150,Random,Tournament,5,0.9,Uniform,0.1,Bit-Flip,0.1,120,25,5230,5230,0,203
1,44.9303,Patience,25,150,Random,Tournament,5,0.9,Uniform,0.1,Bit-Flip,0.1,120,25,5278,5278,0,205
1,48.9820,Patience,27,150,Random,Tournament,5,0.9,Uniform,0.1,Bit-Flip,0.1,120,25,5326,5326,0,208
1,49.1076,Patience,27,150,Random,Tournament,5,0.9,Uniform,0.1,Bit-Flip,0.1,120,25,5381,5379,2,210
1,57.2414,Patience,31,150,Random,Tournament,5,0.9,Uniform,0.1,Bit-Flip,0.1,120,25,5448,5448,0,212
1,51.5489,Patience,28,150,Random,Tournament,5,0.9,Uniform,0.1,Bit-Flip,0.1,120,25,5468,5468,0,213
1,48.9318,Patience,26,150,Random,Tournament,5,0.9,Uniform,0.1,Bit-Flip,0.1,120,25,5499,5499,0,215
1,53.2480,Patience,28,150,Random,Tournament,5,0.9,Uniform,0.1,Bit-Flip,0.1,120,25,5531,5531,0,216
1,47.2418,Patience,25,150,Random,Tournament,5,0.9,Uniform,0.1,Bit-Flip,0.1,120,25,5535,5535,0,217
1,52.6088,Patience,28,150,Random,Tournament,5,0.9,Uniform,0.1,Bit-Flip,0.1,120,25,5580,5580,0,218
1,58.1179,Patience,31,150,Random,Tournament,5,0.9,Uniform,0.1,Bit-Flip,0.1,120,25,5650,5650,0,221
1,50.5860,Patience,26,150,Random,Tournament,5,0.9,Uniform,0.1,Bit-Flip,0.1,120,25,5729,5729,0,223
1,66.0035,Patience,35,150,Random,Tournament,5,0.9,Uniform,0.1,Bit-Flip,0.1,120,25,5745,5745,0,224
1,49.2889,Patience,25,150,Random,Tournament,5,0.9,Uniform,0.1,Bit-Flip,0.1,120,25,5831,5833,2,226
1,54.4516,Patience,28,150,Random,Tournament,5,0.9,Uniform,0.1,Bit-Flip,0.1,120,25,5857,5857,0,227
1,51.5232,Patience,26,150,Random,Tournament,5,0.9,Uniform,0.1,Bit-Flip,0.1,120,25,5904,5904,0,228
1,51.2931,Patience,26,150,Random,Tournament,5,0.9,Uniform,0.1,Bit-Flip,0.1,120,25,5947,5947,0,229
1,56.5069,Patience,29,150,Random,Tournament,5,0.9,Uniform,0.1,Bit-Flip,0.1,120,25,5988,5988,0,230
1,54.0330,Patience,27,150,Random,Tournament,5,0.9,Uniform,0.1,Bit-Flip,0.1,120,25,6002,6002,0,231
1,61.4193,Patience,31,150,Random,Tournament,5,0.9,Uniform,0.1,Bit-Flip,0.1,120,25,6022,6022,0,233
1,68.7819,Patience,35,150,Random,Tournament,5,0.9,Uniform,0.1,Bit-Flip,0.1,120,25,6087,6087,0,235
1,53.2144,Patience,26,150,Random,Tournament,5,0.9,Uniform,0.1,Bit-Flip,0.1,120,25,6134,6134,0,237
1,53.1832,Patience,26,150,Random,Tournament,5,0.9,Uniform,0.1,Bit-Flip,0.1,120,25,6159,6159,0,238
1,62.6568,Patience,31,150,Random,Tournament,5,0.9,Uniform,0.1,Bit-Flip,0.1,120,25,6178,6178,0,239
1,60.0989,Patience,29,150,Random,Tournament,5,0.9,Uniform,0.1,Bit-Flip,0.1,120,25,6229,6229,0,242
1,58.7984,Patience,28,150,Random,Tournament,5,0.9,Uniform,0.1,Bit-Flip,0.1,120,25,6333,6333,0,248
1,53.5272,Patience,25,150,Random,Tournament,5,0.9,Uniform,0.1,Bit-Flip,0.1,120,25,6365,6363,2,249
1,64.4010,Patience,31,150,Random,Tournament,5,0.9,Uniform,0.1,Bit-Flip,0.1,120,25,6390,6390,0,250
1,54.3914,Patience,25,150,Random,Tournament,5,0.9,Uniform,0.1,Bit-Flip,0.1,120,25,6448,6448,0,252
1,57.2805,Patience,26,150,Random,Tournament,5,0.9,Uniform,0.1,Bit-Flip,0.1,120,25,6480,6482,2,254
1,54.5201,Patience,25,150,Random,Tournament,5,0.9,Uniform,0.1,Bit-Flip,0.1,120,25,6511,6513,2,255
1,78.2537,Patience,37,150,Random,Tournament,5,0.9,Uniform,0.1,Bit-Flip,0.1,120,25,6601,6601,0,259
1,62.2000,Patience,28,150,Random,Tournament,5,0.9,Uniform,0.1,Bit-Flip,0.1,120,25,6614,6614,0,260
1,55.8531,Patience,25,150,Random,Tournament,5,0.9,Uniform,0.1,Bit-Flip,0.1,120,25,6649,6651,2,261
1,59.4495,Patience,26,150,Random,Tournament,5,0.9,Uniform,0.1,Bit-Flip,0.1,120,25,6822,6822,0,266
1,71.0788,Patience,32,150,Random,Tournament,5,0.9,Uniform,0.1,Bit-Flip,0.1,120,25,6867,6867,0,267
1,62.8066,Patience,27,150,Random,Tournament,5,0.9,Uniform,0.1,Bit-Flip,0.1,120,25,6894,6894,0,268
1,62.6140,Patience,27,150,Random,Tournament,5,0.9,Uniform,0.1,Bit-Flip,0.1,120,25,7059,7059,0,274
1,80.0405,Patience,35,150,Random,Tournament,5,0.9,Uniform,0.1,Bit-Flip,0.1,120,25,7100,7100,0,275
1,64.4008,Patience,27,150,Random,Tournament,5,0.9,Uniform,0.1,Bit-Flip,0.1,120,25,7136,7136,0,277
1,67.8148,Patience,29,150,Random,Tournament,5,0.9,Uniform,0.1,Bit-Flip,0.1,120,25,7229,7229,0,279
1,63.5053,Patience,26,150,Random,Tournament,5,0.9,Uniform,0.1,Bit-Flip,0.1,120,25,7300,7298,2,282
1,68.4229,Patience,29,150,Random,Tournament,5,0.9,Uniform,0.1,Bit-Flip,0.1,120,25,7349,7349,0,283
1,65.6427,Patience,27,150,Random,Tournament,5,0.9,Uniform,0.1,Bit-Flip,0.1,120,25,7370,7370,0,284
1,69.9720,Patience,29,150,Random,Tournament,5,0.9,Uniform,0.1,Bit-Flip,0.1,120,25,7392,7392,0,286
1,67.6391,Patience,28,150,Random,Tournament,5,0.9,Uniform,0.1,Bit-Flip,0.1,120,25,7477,7477,0,290
1,76.6909,Patience,32,150,Random,Tournament,5,0.9,Uniform,0.1,Bit-Flip,0.1,120,25,7501,7501,0,291
1,70.0543,Patience,28,150,Random,Tournament,5,0.9,Uniform,0.1,Bit-Flip,0.1,120,25,7550,7548,2,294
1,81.6454,Patience,34,150,Random,Tournament,5,0.9,Uniform,0.1,Bit-Flip,0.1,120,25,7578,7578,0,295
1,67.5993,Patience,27,150,Random,Tournament,5,0.9,Uniform,0.1,Bit-Flip,0.1,120,25,7601,7603,2,296
1,66.5943,Patience,26,150,Random,Tournament,5,0.9,Uniform,0.1,Bit-Flip,0.1,120,25,7708,7710,2,299
1,65.0070,Patience,26,150,Random,Tournament,5,0.9,Uniform,0.1,Bit-Flip,0.1,120,25,7718,7716,2,300
1,64.3473,Patience,25,150,Random,Tournament,5,0.9,Uniform,0.1,Bit-Flip,0.1,120,25,7750,7748,2,301
1,74.5929,Patience,30,150,Random,Tournament,5,0.9,Uniform,0.1,Bit-Flip,0.1,120,25,7753,7753,0,302
1,64.5038,Patience,25,150,Random,Tournament,5,0.9,Uniform,0.1,Bit-Flip,0.1,120,25,7792,7792,0,303
1,64.5895,Patience,25,150,Random,Tournament,5,0.9,Uniform,0.1,Bit-Flip,0.1,120,25,7932,7932,0,308
1,73.7025,Patience,29,150,Random,Tournament,5,0.9,Uniform,0.1,Bit-Flip,0.1,120,25,7981,7981,0,309
1,78.3863,Patience,30,150,Random,Tournament,5,0.9,Uniform,0.1,Bit-Flip,0.1,120,25,8024,8024,0,310
1,65.3556,Patience,25,150,Random,Tournament,5,0.9,Uniform,0.1,Bit-Flip,0.1,120,25,8075,8073,2,311
1,69.2331,Patience,26,150,Random,Tournament,5,0.9,Uniform,0.1,Bit-Flip,0.1,120,25,8103,8103,0,312
1,68.2957,Patience,26,150,Random,Tournament,5,0.9,Uniform,0.1,Bit-Flip,0.1,120,25,8174,8174,0,314
1,115.2179,Patience,47,150,Random,Tournament,5,0.9,Uniform,0.1,Bit-Flip,0.1,120,25,8197,8197,0,315
1,67.5677,Patience,25,150,Random,Tournament,5,0.9,Uniform,0.1,Bit-Flip,0.1,120,25,8221,8221,0,316
1,77.7422,Patience,29,150,Random,Tournament,5,0.9,Uniform,0.1,Bit-Flip,0.1,120,25,8401,8401,0,323
1,71.2012,Patience,26,150,Random,Tournament,5,0.9,Uniform,0.1,Bit-Flip,0.1,120,25,8445,8445,0,324
1,69.3345,Patience,25,150,Random,Tournament,5,0.9,Uniform,0.1,Bit-Flip,0.1,120,25,8494,8492,2,325
1,69.6537,Patience,25,150,Random,Tournament,5,0.9,Uniform,0.1,Bit-Flip,0.1,120,25,8526,8524,2,326
1,70.2326,Patience,25,150,Random,Tournament,5,0.9,Uniform,0.1,Bit-Flip,0.1,120,25,8565,8565,0,329
1,80.4163,Patience,29,150,Random,Tournament,5,0.9,Uniform,0.1,Bit-Flip,0.1,120,25,8616,8616,0,331
1,70.2842,Patience,25,150,Random,Tournament,5,0.9,Uniform,0.1,Bit-Flip,0.1,120,25,8654,8652,2,332
1,81.3495,Patience,29,150,Random,Tournament,5,0.9,Uniform,0.1,Bit-Flip,0.1,120,25,8673,8673,0,333
1,79.3021,Patience,28,150,Random,Tournament,5,0.9,Uniform,0.1,Bit-Flip,0.1,120,25,8783,8783,0,336
1,79.9928,Patience,28,150,Random,Tournament,5,0.9,Uniform,0.1,Bit-Flip,0.1,120,25,8853,8853,0,338
1,75.0017,Patience,26,150,Random,Tournament,5,0.9,Uniform,0.1,Bit-Flip,0.1,120,25,8930,8932,2,340
1,75.4613,Patience,26,150,Random,Tournament,5,0.9,Uniform,0.1,Bit-Flip,0.1,120,25,8974,8974,0,341
1,75.7323,Patience,26,150,Random,Tournament,5,0.9,Uniform,0.1,Bit-Flip,0.1,120,25,9007,9007,0,342
1,85.9951,Patience,30,150,Random,Tournament,5,0.9,Uniform,0.1,Bit-Flip,0.1,120,25,9012,9012,0,343
1,85.3880,Patience,30,150,Random,Tournament,5,0.9,Uniform,0.1,Bit-Flip,0.1,120,25,9030,9030,0,344
1,81.6216,Patience,28,150,Random,Tournament,5,0.9,Uniform,0.1,Bit-Flip,0.1,120,25,9077,9077,0,345
1,85.4660,Patience,29,150,Random,Tournament,5,0.9,Uniform,0.1,Bit-Flip,0.1,120,25,9220,9220,0,349
1,75.5850,Patience,25,150,Random,Tournament,5,0.9,Uniform,0.1,Bit-Flip,0.1,120,25,9241,9239,2,350
1,82.5042,Patience,28,150,Random,Tournament,5,0.9,Uniform,0.1,Bit-Flip,0.1,120,25,9327,9327,0,354
1,88.7991,Patience,30,150,Random,Tournament,5,0.9,Uniform,0.1,Bit-Flip,0.1,120,25,9406,9406,0,356
1,91.5751,Patience,31,150,Random,Tournament,5,0.9,Uniform,0.1,Bit-Flip,0.1,120,25,9408,9408,0,358
1,93.5731,Patience,31,150,Random,Tournament,5,0.9,Uniform,0.1,Bit-Flip,0.1,120,25,9561,9561,0,363
1,77.4179,Patience,25,150,Random,Tournament,5,0.9,Uniform,0.1,Bit-Flip,0.1,120,25,9601,9603,2,364
1,94.7985,Patience,31,150,Random,Tournament,5,0.9,Uniform,0.1,Bit-Flip,0.1,120,25,9655,9655,0,367
1,114.2291,Patience,39,150,Random,Tournament,5,0.9,Uniform,0.1,Bit-Flip,0.1,120,25,9674,9674,0,369
1,96.3193,Patience,31,150,Random,Tournament,5,0.9,Uniform,0.1,Bit-Flip,0.1,120,25,9789,9789,0,373
1,80.4160,Patience,25,150,Random,Tournament,5,0.9,Uniform,0.1,Bit-Flip,0.1,120,25,9845,9845,0,375
1,81.2948,Patience,25,150,Random,Tournament,5,0.9,Uniform,0.1,Bit-Flip,0.1,120,25,9877,9875,2,377
1,88.3649,Patience,28,150,Random,Tournament,5,0.9,Uniform,0.1,Bit-Flip,0.1,120,25,9923,9921,2,379
1,86.1929,Patience,27,150,Random,Tournament,5,0.9,Uniform,0.1,Bit-Flip,0.1,120,25,9947,9949,2,380
1,83.8887,Patience,26,150,Random,Tournament,5,0.9,Uniform,0.1,Bit-Flip,0.1,120,25,10030,10028,2,382
1,93.0790,Patience,29,150,Random,Tournament,5,0.9,Uniform,0.1,Bit-Flip,0.1,120,25,10066,10068,2,384
1,81.5375,Patience,25,150,Random,Tournament,5,0.9,Uniform,0.1,Bit-Flip,0.1,120,25,10152,10152,0,386
1,102.8427,Patience,32,150,Random,Tournament,5,0.9,Uniform,0.1,Bit-Flip,0.1,120,25,10201,10201,0,387
1,105.3069,Patience,33,150,Random,Tournament,5,0.9,Uniform,0.1,Bit-Flip,0.1,120,25,10222,10222,0,389
1,121.0544,Patience,39,150,Random,Tournament,5,0.9,Uniform,0.1,Bit-Flip,0.1,120,25,10268,10268,0,390
1,89.0892,Patience,27,150,Random,Tournament,5,0.9,Uniform,0.1,Bit-Flip,0.1,120,25,10278,10278,0,391
1,106.6025,Patience,33,150,Random,Tournament,5,0.9,Uniform,0.1,Bit-Flip,0.1,120,25,10315,10315,0,393
1,90.5505,Patience,27,150,Random,Tournament,5,0.9,Uniform,0.1,Bit-Flip,0.1,120,25,10316,10316,0,394
1,129.7007,Patience,41,150,Random,Tournament,5,0.9,Uniform,0.1,Bit-Flip,0.1,120,25,10410,10410,0,397
1,91.6541,Patience,27,150,Random,Tournament,5,0.9,Uniform,0.1,Bit-Flip,0.1,120,25,10454,10454,0,398
1,92.5782,Patience,27,150,Random,Tournament,5,0.9,Uniform,0.1,Bit-Flip,0.1,120,25,10460,10460,0,399
1,86.2777,Patience,25,150,Random,Tournament,5,0.9,Uniform,0.1,Bit-Flip,0.1,120,25,10498,10498,0,400
1,116.4560,Patience,35,150,Random,Tournament,5,0.9,Uniform,0.1,Bit-Flip,0.1,120,25,10510,10510,0,401
1,93.8830,Patience,28,150,Random,Tournament,5,0.9,Uniform,0.1,Bit-Flip,0.1,120,25,10554,10552,2,402
1,113.1810,Patience,34,150,Random,Tournament,5,0.9,Uniform,0.1,Bit-Flip,0.1,120,25,10619,10619,0,405
1,107.3464,Patience,32,150,Random,Tournament,5,0.9,Uniform,0.1,Bit-Flip,0.1,120,25,10666,10666,0,407
1,92.4462,Patience,27,150,Random,Tournament,5,0.9,Uniform,0.1,Bit-Flip,0.1,120,25,10687,10689,2,408
1,106.1432,Patience,31,150,Random,Tournament,5,0.9,Uniform,0.1,Bit-Flip,0.1,120,25,10732,10732,0,409
1,98.1370,Patience,28,150,Random,Tournament,5,0.9,Uniform,0.1,Bit-Flip,0.1,120,25,10846,10846,0,414
1,105.2298,Patience,30,150,Random,Tournament,5,0.9,Uniform,0.1,Bit-Flip,0.1,120,25,10940,10940,0,417
1,118.1146,Patience,35,150,Random,Tournament,5,0.9,Uniform,0.1,Bit-Flip,0.1,120,25,11014,11014,0,419
1,93.4687,Patience,26,150,Random,Tournament,5,0.9,Uniform,0.1,Bit-Flip,0.1,120,25,11047,11047,0,421
1,93.2598,Patience,26,150,Random,Tournament,5,0.9,Uniform,0.1,Bit-Flip,0.1,120,25,11054,11052,2,422
1,111.7801,Patience,32,150,Random,Tournament,5,0.9,Uniform,0.1,Bit-Flip,0.1,120,25,11129,11129,0,424
1,123.7627,Patience,36,150,Random,Tournament,5,0.9,Uniform,0.1,Bit-Flip,0.1,120,25,11289,11289,0,429
1,94.2328,Patience,26,150,Random,Tournament,5,0.9,Uniform,0.1,Bit-Flip,0.1,120,25,11331,11331,0,430
1,95.0225,Patience,26,150,Random,Tournament,5,0.9,Uniform,0.1,Bit-Flip,0.1,120,25,11423,11423,0,434
1,107.6990,Patience,29,150,Random,Tournament,5,0.9,Uniform,0.1,Bit-Flip,0.1,120,25,11492,11490,2,437
1,152.4694,Patience,43,150,Random,Tournament,5,0.9,Uniform,0.1,Bit-Flip,0.1,120,25,11625,11625,0,443
1,116.6373,Patience,32,150,Random,Tournament,5,0.9,Uniform,0.1,Bit-Flip,0.1,120,25,11628,11628,0,444
1,97.1964,Patience,26,150,Random,Tournament,5,0.9,Uniform,0.1,Bit-Flip,0.1,120,25,11655,11655,0,445
1,124.6687,Patience,34,150,Random,Tournament,5,0.9,Uniform,0.1,Bit-Flip,0.1,120,25,11867,11869,2,453
1,143.5795,Patience,40,150,Random,Tournament,5,0.9,Uniform,0.1,Bit-Flip,0.1,120,25,11876,11878,2,454
1,99.9411,Patience,26,150,Random,Tournament,5,0.9,Uniform,0.1,Bit-Flip,0.1,120,25,11923,11921,2,455
1,96.8775,Patience,25,150,Random,Tournament,5,0.9,Uniform,0.1,Bit-Flip,0.1,120,25,12036,12036,0,459
1,101.8245,Patience,26,150,Random,Tournament,5,0.9,Uniform,0.1,Bit-Flip,0.1,120,25,12055,12055,0,461
1,105.6890,Patience,27,150,Random,Tournament,5,0.9,Uniform,0.1,Bit-Flip,0.1,120,25,12117,12117,0,463
1,114.7550,Patience,30,150,Random,Tournament,5,0.9,Uniform,0.1,Bit-Flip,0.1,120,25,12197,12197,0,465
1,109.0704,Patience,28,150,Random,Tournament,5,0.9,Uniform,0.1,Bit-Flip,0.1,120,25,12276,12276,0,467
1,110.1917,Patience,28,150,Random,Tournament,5,0.9,Uniform,0.1,Bit-Flip,0.1,120,25,12295,12295,0,468
1,184.2907,Patience,51,150,Random,Tournament,5,0.9,Uniform,0.1,Bit-Flip,0.1,120,25,12311,12311,0,469
1,109.0364,Patience,28,150,Random,Tournament,5,0.9,Uniform,0.1,Bit-Flip,0.1,120,25,12358,12358,0,471
1,115.1023,Patience,29,150,Random,Tournament,5,0.9,Uniform,0.1,Bit-Flip,0.1,120,25,12464,12462,2,474
1,109.3850,Patience,27,150,Random,Tournament,5,0.9,Uniform,0.1,Bit-Flip,0.1,120,25,12478,12478,0,475
1,101.0410,Patience,25,150,Random,Tournament,5,0.9,Uniform,0.1,Bit-Flip,0.1,120,25,12523,12525,2,476
1,116.6697,Patience,29,150,Random,Tournament,5,0.9,Uniform,0.1,Bit-Flip,0.1,120,25,12544,12544,0,477
1,129.3962,Patience,33,150,Random,Tournament,5,0.9,Uniform,0.1,Bit-Flip,0.1,120,25,12625,12625,0,479
1,106.3626,Patience,26,150,Random,Tournament,5,0.9,Uniform,0.1,Bit-Flip,0.1,120,25,12667,12665,2,480
1,127.0143,Patience,32,150,Random,Tournament,5,0.9,Uniform,0.1,Bit-Flip,0.1,120,25,12769,12769,0,484
1,106.9282,Patience,26,150,Random,Tournament,5,0.9,Uniform,0.1,Bit-Flip,0.1,120,25,12809,12811,2,485
1,181.7154,Patience,48,150,Random,Tournament,5,0.9,Uniform,0.1,Bit-Flip,0.1,120,25,12839,12839,0,486
1,146.3430,Patience,37,150,Random,Tournament,5,0.9,Uniform,0.1,Bit-Flip,0.1,120,25,12863,12863,0,487
1,106.5609,Patience,26,150,Random,Tournament,5,0.9,Uniform,0.1,Bit-Flip,0.1,120,25,12881,12881,0,488
1,111.9963,Patience,27,150,Random,Tournament,5,0.9,Uniform,0.1,Bit-Flip,0.1,120,25,12957,12959,2,490
1,109.2734,Patience,26,150,Random,Tournament,5,0.9,Uniform,0.1,Bit-Flip,0.1,120,25,13056,13056,0,493
1,104.9023,Patience,25,150,Random,Tournament,5,0.9,Uniform,0.1,Bit-Flip,0.1,120,25,13095,13093,2,494
1,105.8914,Patience,25,150,Random,Tournament,5,0.9,Uniform,0.1,Bit-Flip,0.1,120,25,13117,13119,2,495
1,111.0551,Patience,26,150,Random,Tournament,5,0.9,Uniform,0.1,Bit-Flip,0.1,120,25,13164,13162,2,496
1,120.1945,Patience,29,150,Random,Tournament,5,0.9,Uniform,0.1,Bit-Flip,0.1,120,25,13199,13199,0,497
1,128.6146,Patience,31,150,Random,Tournament,5,0.9,Uniform,0.1,Bit-Flip,0.1,120,25,13268,13268,0,499
1,105.2018,Patience,25,150,Random,Tournament,5,0.9,Uniform,0.1,Bit-Flip,0.1,120,25,13310,13310,0,500
1,185.1013,Patience,47,150,Random,Tournament,5,0.9,Uniform,0.1,Bit-Flip,0.1,120,25,13357,13357,0,501
1,122.7996,Patience,29,150,Random,Tournament,5,0.9,Uniform,0.1,Bit-Flip,0.1,120,25,13377,13379,2,504
1,115.8534,Patience,27,150,Random,Tournament,5,0.9,Uniform,0.1,Bit-Flip,0.1,120,25,13441,13441,0,507
1,127.9230,Patience,30,150,Random,Tournament,5,0.9,Uniform,0.1,Bit-Flip,0.1,120,25,13514,13516,2,509
1,114.0172,Patience,26,150,Random,Tournament,5,0.9,Uniform,0.1,Bit-Flip,0.1,120,25,13641,13641,0,515
1,128.7913,Patience,30,150,Random,Tournament,5,0.9,Uniform,0.1,Bit-Flip,0.1,120,25,13686,13686,0,516
1,109.7144,Patience,25,150,Random,Tournament,5,0.9,Uniform,0.1,Bit-Flip,0.1,120,25,13732,13734,2,517
1,110.8003,Patience,25,150,Random,Tournament,5,0.9,Uniform,0.1,Bit-Flip,0.1,120,25,13734,13734,0,518
1,134.6925,Patience,31,150,Random,Tournament,5,0.9,Uniform,0.1,Bit-Flip,0.1,120,25,13770,13770,0,520
1,130.4098,Patience,30,150,Random,Tournament,5,0.9,Uniform,0.1,Bit-Flip,0.1,120,25,13855,13857,2,523
1,154.9333,Patience,36,150,Random,Tournament,5,0.9,Uniform,0.1,Bit-Flip,0.1,120,25,13973,13973,0,529
1,144.2940,Patience,33,150,Random,Tournament,5,0.9,Uniform,0.1,Bit-Flip,0.1,120,25,13974,13976,2,530
1,128.4290,Patience,29,150,Random,Tournament,5,0.9,Uniform,0.1,Bit-Flip,0.1,120,25,14053,14053,0,532
1,172.1326,Patience,41,150,Random,Tournament,5,0.9,Uniform,0.1,Bit-Flip,0.1,120,25,14073,14071,2,533
1,116.3784,Patience,25,150,Random,Tournament,5,0.9,Uniform,0.1,Bit-Flip,0.1,120,25,14209,14207,2,537
1,129.2404,Patience,29,150,Random,Tournament,5,0.9,Uniform,0.1,Bit-Flip,0.1,120,25,14238,14238,0,538
1,125.5722,Patience,28,150,Random,Tournament,5,0.9,Uniform,0.1,Bit-Flip,0.1,120,25,14252,14252,0,539
1,219.7065,Patience,52,150,Random,Tournament,5,0.9,Uniform,0.1,Bit-Flip,0.1,120,25,14298,14298,0,542
1,140.0185,Patience,31,150,Random,Tournament,5,0.9,Uniform,0.1,Bit-Flip,0.1,120,25,14306,14306,0,543
1,151.1856,Patience,34,150,Random,Tournament,5,0.9,Uniform,0.1,Bit-Flip,0.1,120,25,14349,14349,0,545
1,195.1818,Patience,45,150,Random,Tournament,5,0.9,Uniform,0.1,Bit-Flip,0.1,120,25,14431,14431,0,547
1,128.6464,Patience,28,150,Random,Tournament,5,0.9,Uniform,0.1,Bit-Flip,0.1,120,25,14479,14479,0,548
1,126.0206,Patience,27,150,Random,Tournament,5,0.9,Uniform,0.1,Bit-Flip,0.1,120,25,14570,14570,0,551
1,122.1592,Patience,26,150,Random,Tournament,5,0.9,Uniform,0.1,Bit-Flip,0.1,120,25,14661,14663,2,553
1,290.8392,Patience,68,150,Random,Tournament,5,0.9,Uniform,0.1,Bit-Flip,0.1,120,25,14722,14722,0,556
1,128.6296,Patience,27,150,Random,Tournament,5,0.9,Uniform,0.1,Bit-Flip,0.1,120,25,14727,14727,0,557
1,120.5444,Patience,25,150,Random,Tournament,5,0.9,Uniform,0.1,Bit-Flip,0.1,120,25,14732,14732,0,558
1,160.1317,Patience,35,150,Random,Tournament,5,0.9,Uniform,0.1,Bit-Flip,0.1,120,25,14811,14811,0,561
1,128.5306,Patience,27,150,Random,Tournament,5,0.9,Uniform,0.1,Bit-Flip,0.1,120,25,14913,14913,0,564
1,164.8834,Patience,36,150,Random,Tournament,5,0.9,Uniform,0.1,Bit-Flip,0.1,120,25,14936,14936,0,566
1,126.1430,Patience,26,150,Random,Tournament,5,0.9,Uniform,0.1,Bit-Flip,0.1,120,25,14946,14946,0,567
1,155.1140,Patience,33,150,Random,Tournament,5,0.9,Uniform,0.1,Bit-Flip,0.1,120,25,14980,14980,0,569
1,140.5275,Patience,29,150,Random,Tournament,5,0.9,Uniform,0.1,Bit-Flip,0.1,120,25,15020,15020,0,570
1,164.4241,Patience,35,150,Random,Tournament,5,0.9,Uniform,0.1,Bit-Flip,0.1,120,25,15040,15040,0,571
1,141.3838,Patience,29,150,Random,Tournament,5,0.9,Uniform,0.1,Bit-Flip,0.1,120,25,15063,15063,0,573
1,199.6852,Patience,44,150,Random,Tournament,5,0.9,Uniform,0.1,Bit-Flip,0.1,120,25,15141,15143,2,576
1,137.6165,Patience,28,150,Random,Tournament,5,0.9,Uniform,0.1,Bit-Flip,0.1,120,25,15187,15187,0,577
1,131.1282,Patience,26,150,Random,Tournament,5,0.9,Uniform,0.1,Bit-Flip,0.1,120,25,15284,15284,0,580
1,138.8189,Patience,28,150,Random,Tournament,5,0.9,Uniform,0.1,Bit-Flip,0.1,120,25,15299,15299,0,581
1,129.1179,Patience,26,150,Random,Tournament,5,0.9,Uniform,0.1,Bit-Flip,0.1,120,25,15343,15345,2,582
1,258.9990,Patience,57,150,Random,Tournament,5,0.9,Uniform,0.1,Bit-Flip,0.1,120,25,15363,15363,0,583
1,130.9159,Patience,26,150,Random,Tournament,5,0.9,Uniform,0.1,Bit-Flip,0.1,120,25,15364,15364,0,584
1,127.7366,Patience,25,150,Random,Tournament,5,0.9,Uniform,0.1,Bit-Flip,0.1,120,25,15408,15408,0,585
1,127.0603,Patience,25,150,Random,Tournament,5,0.9,Uniform,0.1,Bit-Flip,0.1,120,25,15410,15410,0,586
1,154.3731,Patience,31,150,Random,Tournament,5,0.9,Uniform,0.1,Bit-Flip,0.1,120,25,15499,15499,0,588
1,168.6159,Patience,35,150,Random,Tournament,5,0.9,Uniform,0.1,Bit-Flip,0.1,120,25,15536,15536,0,590
1,139.2392,Patience,28,150,Random,Tournament,5,0.9,Uniform,0.1,Bit-Flip,0.1,120,25,15560,15560,0,591
1,126.6999,Patience,25,150,Random,Tournament,5,0.9,Uniform,0.1,Bit-Flip,0.1,120,25,15604,15604,0,593
1,137.0664,Patience,27,150,Random,Tournament,5,0.9,Uniform,0.1,Bit-Flip,0.1,120,25,15653,15653,0,595
1,209.1672,Patience,43,150,Random,Tournament,5,0.9,Uniform,0.1,Bit-Flip,0.1,120,25,15874,15874,0,604
1,155.2433,Patience,30,150,Random,Tournament,5,0.9,Uniform,0.1,Bit-Flip,0.1,120,25,16044,16044,0,612
1,151.7241,Patience,29,150,Random,Tournament,5,0.9,Uniform,0.1,Bit-Flip,0.1,120,25,16118,16120,2,614
1,155.0674,Patience,30,150,Random,Tournament,5,0.9,Uniform,0.1,Bit-Flip,0.1,120,25,16154,16154,0,615
1,141.9561,Patience,27,150,Random,Tournament,5,0.9,Uniform,0.1,Bit-Flip,0.1,120,25,16234,16234,0,618
1,157.4816,Patience,30,150,Random,Tournament,5,0.9,Uniform,0.1,Bit-Flip,0.1,120,25,16271,16271,0,620
1,153.0145,Patience,29,150,Random,Tournament,5,0.9,Uniform,0.1,Bit-Flip,0.1,120,25,16282,16282,0,621
1,133.6894,Patience,25,150,Random,Tournament,5,0.9,Uniform,0.1,Bit-Flip,0.1,120,25,16305,16305,0,622
1,143.4175,Patience,27,150,Random,Tournament,5,0.9,Uniform,0.1,Bit-Flip,0.1,120,25,16332,16332,0,623
1,134.2400,Patience,25,150,Random,Tournament,5,0.9,Uniform,0.1,Bit-Flip,0.1,120,25,16361,16359,2,624
1,190.8632,Patience,37,150,Random,Tournament,5,0.9,Uniform,0.1,Bit-Flip,0.1,120,25,16383,16383,0,625
1,183.4540,Patience,35,150,Random,Tournament,5,0.9,Uniform,0.1,Bit-Flip,0.1,120,25,16417,16417,0,627
1,226.4757,Patience,44,150,Random,Tournament,5,0.9,Uniform,0.1,Bit-Flip,0.1,120,25,16586,16586,0,634
1,201.6588,Patience,38,150,Random,Tournament,5,0.9,Uniform,0.1,Bit-Flip,0.1,120,25,16706,16706,0,637
1,160.5181,Patience,29,150,Random,Tournament,5,0.9,Uniform,0.1,Bit-Flip,0.1,120,25,16793,16793,0,641
1,180.0556,Patience,33,150,Random,Tournament,5,0.9,Uniform,0.1,Bit-Flip,0.1,120,25,16876,16876,0,644
1,150.6860,Patience,27,150,Random,Tournament,5,0.9,Uniform,0.1,Bit-Flip,0.1,120,25,16908,16910,2,645
1,141.6108,Patience,25,150,Random,Tournament,5,0.9,Uniform,0.1,Bit-Flip,0.1,120,25,16914,16914,0,646
1,214.9006,Patience,40,150,Random,Tournament,5,0.9,Uniform,0.1,Bit-Flip,0.1,120,25,16952,16952,0,647
1,156.7924,Patience,28,150,Random,Tournament,5,0.9,Uniform,0.1,Bit-Flip,0.1,120,25,16968,16968,0,648
1,152.5639,Patience,27,150,Random,Tournament,5,0.9,Uniform,0.1,Bit-Flip,0.1,120,25,17079,17079,0,651
1,150.2577,Patience,26,150,Random,Tournament,5,0.9,Uniform,0.1,Bit-Flip,0.1,120,25,17090,17090,0,653
1,154.9456,Patience,27,150,Random,Tournament,5,0.9,Uniform,0.1,Bit-Flip,0.1,120,25,17103,17103,0,654
1,207.3938,Patience,38,150,Random,Tournament,5,0.9,Uniform,0.1,Bit-Flip,0.1,120,25,17164,17162,2,656
1,146.3865,Patience,25,150,Random,Tournament,5,0.9,Uniform,0.1,Bit-Flip,0.1,120,25,17224,17224,0,659
1,145.1765,Patience,25,150,Random,Tournament,5,0.9,Uniform,0.1,Bit-Flip,0.1,120,25,17274,17274,0,661
1,146.3127,Patience,25,150,Random,Tournament,5,0.9,Uniform,0.1,Bit-Flip,0.1,120,25,17346,17348,2,663
1,177.1129,Patience,31,150,Random,Tournament,5,0.9,Uniform,0.1,Bit-Flip,0.1,120,25,17389,17389,0,664
1,153.9814,Patience,26,150,Random,Tournament,5,0.9,Uniform,0.1,Bit-Flip,0.1,120,25,17404,17404,0,665
1,146.3598,Patience,25,150,Random,Tournament,5,0.9,Uniform,0.1,Bit-Flip,0.1,120,25,17441,17443,2,666
1,174.8409,Patience,30,150,Random,Tournament,5,0.9,Uniform,0.1,Bit-Flip,0.1,120,25,17553,17553,0,670
1,167.7988,Patience,29,150,Random,Tournament,5,0.9,Uniform,0.1,Bit-Flip,0.1,120,25,17639,17641,2,673
1,154.4068,Patience,26,150,Random,Tournament,5,0.9,Uniform,0.1,Bit-Flip,0.1,120,25,17689,17691,2,675
1,252.9904,Patience,46,150,Random,Tournament,5,0.9,Uniform,0.1,Bit-Flip,0.1,120,25,17696,17696,0,676
1,171.2848,Patience,29,150,Random,Tournament,5,0.9,Uniform,0.1,Bit-Flip,0.1,120,25,17713,17711,2,677
1,177.9156,Patience,30,150,Random,Tournament,5,0.9,Uniform,0.1,Bit-Flip,0.1,120,25,17728,17728,0,678
1,156.4851,Patience,26,150,Random,Tournament,5,0.9,Uniform,0.1,Bit-Flip,0.1,120,25,17781,17781,0,680
1,187.9353,Patience,32,150,Random,Tournament,5,0.9,Uniform,0.1,Bit-Flip,0.1,120,25,17902,17902,0,685
1,182.2010,Patience,31,150,Random,Tournament,5,0.9,Uniform,0.1,Bit-Flip,0.1,120,25,17933,17933,0,686
1,151.8722,Patience,25,150,Random,Tournament,5,0.9,Uniform,0.1,Bit-Flip,0.1,120,25,17974,17974,0,687
1,152.7189,Patience,25,150,Random,Tournament,5,0.9,Uniform,0.1,Bit-Flip,0.1,120,25,18021,18023,2,688
1,197.6641,Patience,33,150,Random,Tournament,5,0.9,Uniform,0.1,Bit-Flip,0.1,120,25,18175,18173,2,693
1,279.0968,Patience,49,150,Random,Tournament,5,0.9,Uniform,0.1,Bit-Flip,0.1,120,25,18229,18229,0,697
1,154.9727,Patience,25,150,Random,Tournament,5,0.9,Uniform,0.1,Bit-Flip,0.1,120,25,18319,18319,0,700
1,177.5500,Patience,29,150,Random,Tournament,5,0.9,Uniform,0.1,Bit-Flip,0.1,120,25,18404,18408,4,702
1,193.6658,Patience,32,150,Random,Tournament,5,0.9,Uniform,0.1,Bit-Flip,0.1,120,25,18507,18507,0,705
1,167.7863,Patience,27,150,Random,Tournament,5,0.9,Uniform,0.1,Bit-Flip,0.1,120,25,18534,18534,0,706
1,158.7223,Patience,25,150,Random,Tournament,5,0.9,Uniform,0.1,Bit-Flip,0.1,120,25,18559,18559,0,707
1,185.7752,Patience,30,150,Random,Tournament,5,0.9,Uniform,0.1,Bit-Flip,0.1,120,25,18656,18656,0,712
1,162.8975,Patience,26,150,Random,Tournament,5,0.9,Uniform,0.1,Bit-Flip,0.1,120,25,18695,18695,0,713
1,163.9786,Patience,26,150,Random,Tournament,5,0.9,Uniform,0.1,Bit-Flip,0.1,120,25,18703,18705,2,714
1,185.6376,Patience,30,150,Random,Tournament,5,0.9,Uniform,0.1,Bit-Flip,0.1,120,25,18745,18745,0,715
1,188.6444,Patience,30,150,Random,Tournament,5,0.9,Uniform,0.1,Bit-Flip,0.1,120,25,18777,18777,0,716
1,274.7708,Patience,46,150,Random,Tournament,5,0.9,Uniform,0.1,Bit-Flip,0.1,120,25,18785,18785,0,717
1,161.1464,Patience,25,150,Random,Tournament,5,0.9,Uniform,0.1,Bit-Flip,0.1,120,25,18799,18797,2,718
1,167.0994,Patience,26,150,Random,Tournament,5,0.9,Uniform,0.1,Bit-Flip,0.1,120,25,18824,18824,0,719
1,182.0605,Patience,29,150,Random,Tournament,5,0.9,Uniform,0.1,Bit-Flip,0.1,120,25,18875,18877,2,721
1,162.2329,Patience,25,150,Random,Tournament,5,0.9,Uniform,0.1,Bit-Flip,0.1,120,25,18933,18933,0,724
1,174.3214,Patience,27,150,Random,Tournament,5,0.9,Uniform,0.1,Bit-Flip,0.1,120,25,18951,18951,0,725
1,164.4970,Patience,25,150,Random,Tournament,5,0.9,Uniform,0.1,Bit-Flip,0.1,120,25,18981,18983,2,727
1,170.7073,Patience,26,150,Random,Tournament,5,0.9,Uniform,0.1,Bit-Flip,0.1,120,25,18998,19000,2,728
1,188.6272,Patience,29,150,Random,Tournament,5,0.9,Uniform,0.1,Bit-Flip,0.1,120,25,19242,19244,2,735
1,175.4023,Patience,27,150,Random,Tournament,5,0.9,Uniform,0.1,Bit-Flip,0.1,120,25,19285,19283,2,736
1,254.7564,Patience,41,150,Random,Tournament,5,0.9,Uniform,0.1,Bit-Flip,0.1,120,25,19428,19430,2,741
1,223.8371,Patience,35,150,Random,Tournament,5,0.9,Uniform,0.1,Bit-Flip,0.1,120,25,19456,19454,2,742
1,279.3413,Patience,45,150,Random,Tournament,5,0.9,Uniform,0.1,Bit-Flip,0.1,120,25,19498,19498,0,743
1,192.0272,Patience,29,150,Random,Tournament,5,0.9,Uniform,0.1,Bit-Flip,0.1,120,25,19571,19571,0,746
1,178.5285,Patience,27,150,Random,Tournament,5,0.9,Uniform,0.1,Bit-Flip,0.1,120,25,19653,19653,0,749
1,180.3249,Patience,27,150,Random,Tournament,5,0.9,Uniform,0.1,Bit-Flip,0.1,120,25,19674,19674,0,750
1,197.7071,Patience,30,150,Random,Tournament,5,0.9,Uniform,0.1,Bit-Flip,0.1,120,25,19689,19687,2,751
1,195.0668,Patience,29,150,Random,Tournament,5,0.9,Uniform,0.1,Bit-Flip,0.1,120,25,19771,19769,2,754
1,187.4648,Patience,28,150,Random,Tournament,5,0.9,Uniform,0.1,Bit-Flip,0.1,120,25,19815,19813,2,755
1,170.1646,Patience,25,150,Random,Tournament,5,0.9,Uniform,0.1,Bit-Flip,0.1,120,25,19862,19862,0,756
1,170.8740,Patience,25,150,Random,Tournament,5,0.9,Uniform,0.1,Bit-Flip,0.1,120,25,19984,19986,2,762
1,180.5528,Patience,26,150,Random,Tournament,5,0.9,Uniform,0.1,Bit-Flip,0.1,120,25,20014,20014,0,763
1,196.2164,Patience,29,150,Random,Tournament,5,0.9,Uniform,0.1,Bit-Flip,0.1,120,25,20112,20112,0,765
1,206.7750,Patience,31,150,Random,Tournament,5,0.9,Uniform,0.1,Bit-Flip,0.1,120,25,20147,20147,0,766
1,231.8460,Patience,35,150,Random,Tournament,5,0.9,Uniform,0.1,Bit-Flip,0.1,120,25,20158,20158,0,767
1,197.0420,Patience,29,150,Random,Tournament,5,0.9,Uniform,0.1,Bit-Flip,0.1,120,25,20185,20185,0,768
1,172.7392,Patience,25,150,Random,Tournament,5,0.9,Uniform,0.1,Bit-Flip,0.1,120,25,20233,20233,0,769
1,197.9078,Patience,29,150,Random,Tournament,5,0.9,Uniform,0.1,Bit-Flip,0.1,120,25,20253,20255,2,770
1,192.7698,Patience,28,150,Random,Tournament,5,0.9,Uniform,0.1,Bit-Flip,0.1,120,25,20310,20312,2,772
1,221.5021,Patience,33,150,Random,Tournament,5,0.9,Uniform,0.1,Bit-Flip,0.1,120,25,20380,20380,0,774
1,180.5928,Patience,26,150,Random,Tournament,5,0.9,Uniform,0.1,Bit-Flip,0.1,120,25,20428,20430,2,775
1,353.4265,Patience,56,150,Random,Tournament,5,0.9,Uniform,0.1,Bit-Flip,0.1,120,25,20473,20473,0,776
1,205.0816,Patience,30,150,Random,Tournament,5,0.9,Uniform,0.1,Bit-Flip,0.1,120,25,20534,20534,0,780
1,212.1827,Patience,31,150,Random,Tournament,5,0.9,Uniform,0.1,Bit-Flip,0.1,120,25,20542,20542,0,781
1,177.2545,Patience,25,150,Random,Tournament,5,0.9,Uniform,0.1,Bit-Flip,0.1,120,25,20604,20604,0,783
1,309.2602,Patience,47,150,Random,Tournament,5,0.9,Uniform,0.1,Bit-Flip,0.1,120,25,20679,20679,0,785
1,337.6606,Patience,52,150,Random,Tournament,5,0.9,Uniform,0.1,Bit-Flip,0.1,120,25,20719,20719,0,786
1,194.1846,Patience,28,150,Random,Tournament,5,0.9,Uniform,0.1,Bit-Flip,0.1,120,25,20758,20758,0,787
1,202.3596,Patience,29,150,Random,Tournament,5,0.9,Uniform,0.1,Bit-Flip,0.1,120,25,20798,20798,0,789
1,222.5940,Patience,32,150,Random,Tournament,5,0.9,Uniform,0.1,Bit-Flip,0.1,120,25,20854,20854,0,791
1,191.0480,Patience,27,150,Random,Tournament,5,0.9,Uniform,0.1,Bit-Flip,0.1,120,25,20900,20900,0,794
1,250.1868,Patience,37,150,Random,Tournament,5,0.9,Uniform,0.1,Bit-Flip,0.1,120,25,20915,20915,0,795
1,192.3011,Patience,27,150,Random,Tournament,5,0.9,Uniform,0.1,Bit-Flip,0.1,120,25,20949,20949,0,796
1,211.1511,Patience,30,150,Random,Tournament,5,0.9,Uniform,0.1,Bit-Flip,0.1,120,25,20974,20976,2,797
1,199.0038,Patience,28,150,Random,Tournament,5,0.9,Uniform,0.1,Bit-Flip,0.1,120,25,20984,20984,0,798
1,204.3790,Patience,29,150,Random,Tournament,5,0.9,Uniform,0.1,Bit-Flip,0.1,120,25,20994,20996,2,799
1,216.6229,Patience,31,150,Random,Tournament,5,0.9,Uniform,0.1,Bit-Flip,0.1,120,25,21006,21008,2,800
1,217.6300,Patience,31,150,Random,Tournament,5,0.9,Uniform,0.1,Bit-Flip,0.1,120,25,21046,21046,0,801
1,219.9561,Patience,31,150,Random,Tournament,5,0.9,Uniform,0.1,Bit-Flip,0.1,120,25,21093,21091,2,802
1,194.8238,Patience,27,150,Random,Tournament,5,0.9,Uniform,0.1,Bit-Flip,0.1,120,25,21120,21120,0,804
1,214.3356,Patience,30,150,Random,Tournament,5,0.9,Uniform,0.1,Bit-Flip,0.1,120,25,21224,21224,0,807
1,207.5130,Patience,29,150,Random,Tournament,5,0.9,Uniform,0.1,Bit-Flip,0.1,120,25,21300,21300,0,809
1,215.6583,Patience,30,150,Random,Tournament,5,0.9,Uniform,0.1,Bit-Flip,0.1,120,25,21317,21317,0,810
1,196.7237,Patience,27,150,Random,Tournament,5,0.9,Uniform,0.1,Bit-Flip,0.1,120,25,21418,21418,0,813
1,217.2263,Patience,30,150,Random,Tournament,5,0.9,Uniform,0.1,Bit-Flip,0.1,120,25,21457,21459,2,814
1,258.5155,Patience,37,150,Random,Tournament,5,0.9,Uniform,0.1,Bit-Flip,0.1,120,25,21491,21491,0,815
1,217.4367,Patience,30,150,Random,Tournament,5,0.9,Uniform,0.1,Bit-Flip,0.1,120,25,21565,21565,0,818
1,238.5984,Patience,33,150,Random,Tournament,5,0.9,Uniform,0.1,Bit-Flip,0.1,120,25,21601,21601,0,821
1,187.7769,Patience,25,150,Random,Tournament,5,0.9,Uniform,0.1,Bit-Flip,0.1,120,25,21689,21689,0,824
1,238.2511,Patience,33,150,Random,Tournament,5,0.9,Uniform,0.1,Bit-Flip,0.1,120,25,21705,21705,0,825
1,188.8767,Patience,25,150,Random,Tournament,5,0.9,Uniform,0.1,Bit-Flip,0.1,120,25,21817,21817,0,831
1,190.0171,Patience,25,150,Random,Tournament,5,0.9,Uniform,0.1,Bit-Flip,0.1,120,25,21892,21894,2,834
1,215.3017,Patience,29,150,Random,Tournament,5,0.9,Uniform,0.1,Bit-Flip,0.1,120,25,21919,21917,2,836
1,199.4466,Patience,26,150,Random,Tournament,5,0.9,Uniform,0.1,Bit-Flip,0.1,120,25,22035,22035,0,839
1,210.1179,Patience,28,150,Random,Tournament,5,0.9,Uniform,0.1,Bit-Flip,0.1,120,25,22041,22039,2,840
1,198.7898,Patience,26,150,Random,Tournament,5,0.9,Uniform,0.1,Bit-Flip,0.1,120,25,22192,22194,2,845
1,194.6987,Patience,25,150,Random,Tournament,5,0.9,Uniform,0.1,Bit-Flip,0.1,120,25,22240,22238,2,847
1,226.8267,Patience,30,150,Random,Tournament,5,0.9,Uniform,0.1,Bit-Flip,0.1,120,25,22262,22262,0,848
1,194.7369,Patience,25,150,Random,Tournament,5,0.9,Uniform,0.1,Bit-Flip,0.1,120,25,22379,22379,0,853
1,194.9039,Patience,25,150,Random,Tournament,5,0.9,Uniform,0.1,Bit-Flip,0.1,120,25,22411,22409,2,854
1,202.2046,Patience,26,150,Random,Tournament,5,0.9,Uniform,0.1,Bit-Flip,0.1,120,25,22457,22455,2,855
1,211.5017,Patience,27,150,Random,Tournament,5,0.9,Uniform,0.1,Bit-Flip,0.1,120,25,22489,22489,0,857
1,306.8554,Patience,42,150,Random,Tournament,5,0.9,Uniform,0.1,Bit-Flip,0.1,120,25,22572,22570,2,861
1,227.7885,Patience,29,150,Random,Tournament,5,0.9,Uniform,0.1,Bit-Flip,0.1,120,25,22618,22618,0,864
1,215.2823,Patience,27,150,Random,Tournament,5,0.9,Uniform,0.1,Bit-Flip,0.1,120,25,22665,22663,2,866
1,270.2159,Patience,36,150,Random,Tournament,5,0.9,Uniform,0.1,Bit-Flip,0.1,120,25,22697,22695,2,868
1,215.6190,Patience,27,150,Random,Tournament,5,0.9,Uniform,0.1,Bit-Flip,0.1,120,25,22733,22733,0,869
1,210.5473,Patience,26,150,Random,Tournament,5,0.9,Uniform,0.1,Bit-Flip,0.1,120,25,22761,22763,2,870
1,215.0202,Patience,27,150,Random,Tournament,5,0.9,Uniform,0.1,Bit-Flip,0.1,120,25,22812,22812,0,871
1,235.6983,Patience,30,150,Random,Tournament,5,0.9,Uniform,0.1,Bit-Flip,0.1,120,25,22880,22880,0,873
1,270.6775,Patience,35,150,Random,Tournament,5,0.9,Uniform,0.1,Bit-Flip,0.1,120,25,22885,22885,0,874
1,358.2531,Patience,48,150,Random,Tournament,5,0.9,Uniform,0.1,Bit-Flip,0.1,120,25,23015,23015,0,879
1,267.8012,Patience,34,150,Random,Tournament,5,0.9,Uniform,0.1,Bit-Flip,0.1,120,25,23065,23065,0,880
1,245.9769,Patience,31,150,Random,Tournament,5,0.9,Uniform,0.1,Bit-Flip,0.1,120,25,23114,23114,0,881
1,211.1779,Patience,26,150,Random,Tournament,5,0.9,Uniform,0.1,Bit-Flip,0.1,120,25,23121,23121,0,882
1,202.1657,Patience,25,150,Random,Tournament,5,0.9,Uniform,0.1,Bit-Flip,0.1,120,25,23150,23148,2,883
1,211.6226,Patience,26,150,Random,Tournament,5,0.9,Uniform,0.1,Bit-Flip,0.1,120,25,23215,23215,0,885
1,231.7987,Patience,29,150,Random,Tournament,5,0.9,Uniform,0.1,Bit-Flip,0.1,120,25,23231,23231,0,886
1,307.7374,Patience,40,150,Random,Tournament,5,0.9,Uniform,0.1,Bit-Flip,0.1,120,25,23275,23275,0,887
1,205.0187,Patience,25,150,Random,Tournament,5,0.9,Uniform,0.1,Bit-Flip,0.1,120,25,23327,23325,2,889
1,222.2839,Patience,27,150,Random,Tournament,5,0.9,Uniform,0.1,Bit-Flip,0.1,120,25,23617,23617,0,900
1,279.5454,Patience,35,150,Random,Tournament,5,0.9,Uniform,0.1,Bit-Flip,0.1,120,25,23639,23639,0,901
1,255.6703,Patience,32,150,Random,Tournament,5,0.9,Uniform,0.1,Bit-Flip,0.1,120,25,23660,23660,0,903
1,227.8274,Patience,28,150,Random,Tournament,5,0.9,Uniform,0.1,Bit-Flip,0.1,120,25,23687,23689,2,904
1,243.1187,Patience,30,150,Random,Tournament,5,0.9,Uniform,0.1,Bit-Flip,0.1,120,25,23765,23765,0,906
1,207.6995,Patience,25,150,Random,Tournament,5,0.9,Uniform,0.1,Bit-Flip,0.1,120,25,23777,23777,0,907
1,273.0140,Patience,33,150,Random,Tournament,5,0.9,Uniform,0.1,Bit-Flip,0.1,120,25,23783,23783,0,908
1,354.1232,Patience,44,150,Random,Tournament,5,0.9,Uniform,0.1,Bit-Flip,0.1,120,25,23863,23863,0,913
1,230.5647,Patience,27,150,Random,Tournament,5,0.9,Uniform,0.1,Bit-Flip,0.1,120,25,23885,23885,0,914
1,247.4183,Patience,29,150,Random,Tournament,5,0.9,Uniform,0.1,Bit-Flip,0.1,120,25,23920,23922,2,915
1,289.4577,Patience,35,150,Random,Tournament,5,0.9,Uniform,0.1,Bit-Flip,0.1,120,25,23941,23941,0,916
1,225.7665,Patience,26,150,Random,Tournament,5,0.9,Uniform,0.1,Bit-Flip,0.1,120,25,23978,23976,2,917
1,276.1174,Patience,33,150,Random,Tournament,5,0.9,Uniform,0.1,Bit-Flip,0.1,120,25,24082,24082,0,920
1,243.3839,Patience,29,150,Random,Tournament,5,0.9,Uniform,0.1,Bit-Flip,0.1,120,25,24098,24096,2,922
1,258.9669,Patience,30,150,Random,Tournament,5,0.9,Uniform,0.1,Bit-Flip,0.1,120,25,24178,24178,0,924
1,238.6707,Patience,28,150,Random,Tournament,5,0.9,Uniform,0.1,Bit-Flip,0.1,120,25,24212,24212,0,926
1,213.8784,Patience,25,150,Random,Tournament,5,0.9,Uniform,0.1,Bit-Flip,0.1,120,25,24239,24241,2,927
1,248.4868,Patience,29,150,Random,Tournament,5,0.9,Uniform,0.1,Bit-Flip,0.1,120,25,24334,24334,0,930
1,278.3022,Patience,33,150,Random,Tournament,5,0.9,Uniform,0.1,Bit-Flip,0.1,120,25,24422,24424,2,933
1,309.0624,Patience,37,150,Random,Tournament,5,0.9,Uniform,0.1,Bit-Flip,0.1,120,25,24457,24459,2,934
1,268.1829,Patience,32,150,Random,Tournament,5,0.9,Uniform,0.1,Bit-Flip,0.1,120,25,24459,24459,0,935
1,257.9636,Patience,30,150,Random,Tournament,5,0.9,Uniform,0.1,Bit-Flip,0.1,120,25,24541,24541,0,938
1,227.5221,Patience,26,150,Random,Tournament,5,0.9,Uniform,0.1,Bit-Flip,0.1,120,25,24550,24548,2,939
1,295.0157,Patience,35,150,Random,Tournament,5,0.9,Uniform,0.1,Bit-Flip,0.1,120,25,24628,24628,0,941
1,319.6707,Patience,37,150,Random,Tournament,5,0.9,Uniform,0.1,Bit-Flip,0.1,120,25,24689,24689,0,943
1,242.0128,Patience,27,150,Random,Tournament,5,0.9,Uniform,0.1,Bit-Flip,0.1,120,25,24747,24747,0,945
1,224.8423,Patience,25,150,Random,Tournament,5,0.9,Uniform,0.1,Bit-Flip,0.1,120,25,24800,24792,8,947
1,267.4083,Patience,31,150,Random,Tournament,5,0.9,Uniform,0.1,Bit-Flip,0.1,120,25,25006,25006,0,953
1,243.1151,Patience,27,150,Random,Tournament,5,0.9,Uniform,0.1,Bit-Flip,0.1,120,25,25040,25038,2,955
1,255.9153,Patience,29,150,Random,Tournament,5,0.9,Uniform,0.1,Bit-Flip,0.1,120,25,25090,25090,0,958
1,236.8624,Patience,26,150,Random,Tournament,5,0.9,Uniform,0.1,Bit-Flip,0.1,120,25,25144,25144,0,962
1,412.0311,Patience,50,150,Random,Tournament,5,0.9,Uniform,0.1,Bit-Flip,0.1,120,25,25154,25152,2,963
1,319.2087,Patience,37,150,Random,Tournament,5,0.9,Uniform,0.1,Bit-Flip,0.1,120,25,25183,25183,0,964
1,233.6146,Patience,26,150,Random,Tournament,5,0.9,Uniform,0.1,Bit-Flip,0.1,120,25,25228,25226,2,966
1,228.1039,Patience,25,150,Random,Tournament,5,0.9,Uniform,0.1,Bit-Flip,0.1,120,25,25320,25316,4,969
1,257.5063,Patience,29,150,Random,Tournament,5,0.9,Uniform,0.1,Bit-Flip,0.1,120,25,25326,25326,0,970
1,257.9126,Patience,29,150,Random,Tournament,5,0.9,Uniform,0.1,Bit-Flip,0.1,120,25,25345,25347,2,971
1,256.8879,Patience,29,150,Random,Tournament,5,0.9,Uniform,0.1,Bit-Flip,0.1,120,25,25350,25350,0,972
1,231.9115,Patience,25,150,Random,Tournament,5,0.9,Uniform,0.1,Bit-Flip,0.1,120,25,25382,25382,0,973
1,329.5551,Patience,38,150,Random,Tournament,5,0.9,Uniform,0.1,Bit-Flip,0.1,120,25,25423,25421,2,975
1,419.3505,Patience,49,150,Random,Tournament,5,0.9,Uniform,0.1,Bit-Flip,0.1,120,25,25556,25556,0,982
1,245.2275,Patience,26,150,Random,Tournament,5,0.9,Uniform,0.1,Bit-Flip,0.1,120,25,25567,25565,2,983
1,351.3334,Patience,40,150,Random,Tournament,5,0.9,Uniform,0.1,Bit-Flip,0.1,120,25,25606,25606,0,984
1,238.1496,Patience,26,150,Random,Tournament,5,0.9,Uniform,0.1,Bit-Flip,0.1,120,25,25618,25618,0,986
1,222.6462,Patience,26,150,Random,Tournament,5,0.9,Uniform,0.1,Bit-Flip,0.1,120,25,25665,25665,0,987
1,219.9462,Patience,26,150,Random,Tournament,5,0.9,Uniform,0.1,Bit-Flip,0.1,120,25,25729,25731,2,991
1,235.0235,Patience,28,150,Random,Tournament,5,0.9,Uniform,0.1,Bit-Flip,0.1,120,25,25751,25747,4,992
1,255.9232,Patience,31,150,Random,Tournament,5,0.9,Uniform,0.1,Bit-Flip,0.1,120,25,25929,25929,0,999
1,385.0138,Patience,49,150,Random,Tournament,5,0.9,Uniform,0.1,Bit-Flip,0.1,120,25,25975,25975,0,1000
